Iterations,Validation,Train
4000.0,0.02502346970140934,0.049788231682497915
8000.0,0.022288912907242775,0.04265391696011661
12000.0,0.02636643871665001,0.0398960507530719
16000.0,0.032858774065971375,0.03822910096799031
20000.0,0.020357342436909676,0.03713761793728917
