Iterations,Validation,Train
100.0,0.057574719190597534,0.06456077937036753
200.0,0.041419003158807755,0.07386459808796644
300.0,0.06857326626777649,0.0648475855961442
