Iterations,Validation,Train
100.0,0.02653799206018448,0.05633413489907979
200.0,0.0539819598197937,0.054810525346547345
300.0,0.039843540638685226,0.054140613581985235
