Iterations,Validation,Train
4000.0,0.0258175078779459,0.05075146392080935
8000.0,0.022245455533266068,0.04249850037461138
12000.0,0.045306067913770676,0.04007593657751572
16000.0,0.02447737567126751,0.038551697538001375
20000.0,0.02228815108537674,0.037660977176157726
