Action,Mean error
walking,0.26049013528972864
eating,0.21552935895510017
smoking,0.2560781703516841
discussion,0.30596791476011276
directions,0.2241493905428797
greeting,0.39578296948224306
phoning,0.33022477785125376
posing,0.5839418512675911
purchases,0.34048887631855906
sitting,0.2910775238648057
sittingdown,0.3601062353421003
takingphoto,0.20803131330758334
waiting,0.2710747389961034
walkingdog,0.3198785035870969
walkingtogether,0.25283646522089837
