Action,Mean error
walking,0.2554041399527341
eating,0.20491309314034878
smoking,0.23754757738672197
discussion,0.30099037564359604
directions,0.21487982877530157
greeting,0.3855783572047949
phoning,0.3178744718246162
posing,0.38771078452467916
purchases,0.32299626180902125
sitting,0.26609774036332967
sittingdown,0.3348282989487052
takingphoto,0.2075132862944156
waiting,0.25417734317481516
walkingdog,0.31656414068304
walkingtogether,0.24162882495671512
