Action,Mean error
walking,0.17690185444429518
eating,0.16175009890459477
smoking,0.1778550967085175
discussion,0.2708531200699508
directions,0.16931010306812821
greeting,0.3299056668672711
phoning,0.29925907575991006
posing,0.30626718198880554
purchases,0.3002248445246369
sitting,0.22416257912293078
sittingdown,0.2635994710214436
takingphoto,0.13514956191414967
waiting,0.20773326306603848
walkingdog,0.2692025081347674
walkingtogether,0.1852623917721212
