Action,Mean error
walking,0.18854340178892015
eating,0.15987493008840828
smoking,0.18143544650403784
discussion,0.2690052378876135
directions,0.169787644748576
greeting,0.3299101370060816
phoning,0.30908473923802376
posing,0.3021017526974902
purchases,0.3135468882881105
sitting,0.2269661952694878
sittingdown,0.3004133088840172
takingphoto,0.14005107940640302
waiting,0.20783194091636686
walkingdog,0.2819267324358225
walkingtogether,0.1892769191134721
